ADC,温度,电源电压
0,25,0
1,26.66635804,0.003222656
2,28.33086475,0.006445313
3,29.99167083,0.009667969
4,31.64693113,0.012890625
5,33.29480663,0.016113281
6,34.93346654,0.019335938
7,36.56109028,0.022558594
8,38.17586956,0.02578125
9,39.77601033,0.029003906
10,41.35973484,0.032226563
11,42.92528355,0.035449219
12,44.47091712,0.038671875
13,45.99491834,0.041894531
14,47.49559403,0.045117188
15,48.97127693,0.048339844
16,50.42032755,0.0515625
17,51.84113597,0.054785156
18,53.23212367,0.058007813
19,54.59174525,0.061230469
20,55.91849015,0.064453125
21,57.21088436,0.067675781
22,58.46749201,0.070898438
23,59.686917,0.074121094
24,60.86780454,0.07734375
25,62.00884266,0.080566406
26,63.10876365,0.083789063
27,64.16634548,0.087011719
28,65.18041318,0.090234375
29,66.14984012,0.093457031
30,67.07354924,0.096679688
31,67.9505143,0.099902344
32,68.77976099,0.103125
33,69.560368,0.106347656
34,70.29146808,0.109570313
35,70.97224896,0.112792969
36,71.6019543,0.116015625
37,72.17988448,0.119238281
38,72.70539742,0.122460938
39,73.17790927,0.125683594
40,73.59689507,0.12890625
41,73.96188931,0.132128906
42,74.2724865,0.135351563
43,74.52834155,0.138574219
44,74.7291702,0.141796875
45,74.87474933,0.145019531
46,74.96491721,0.148242188
47,74.99957365,0.151464844
48,74.97868015,0.1546875
49,74.90225993,0.157910156
50,74.77039789,0.161132813
51,74.58324052,0.164355469
52,74.34099577,0.167578125
53,74.04393276,0.170800781
54,73.69238154,0.174023438
55,73.28673269,0.177246094
56,72.82743687,0.18046875
57,72.31500438,0.183691406
58,71.75000454,0.186914063
59,71.13306505,0.190136719
60,70.46487134,0.193359375
61,69.74616579,0.196582031
62,68.97774688,0.199804688
63,68.16046833,0.203027344
64,67.29523815,0.20625
65,66.38301761,0.209472656
66,65.42482019,0.212695313
67,64.42171047,0.215917969
68,63.3748029,0.219140625
69,62.28526061,0.222363281
70,61.15429409,0.225585938
71,59.98315985,0.228808594
72,58.77315903,0.23203125
73,57.52563595,0.235253906
74,56.24197662,0.238476563
75,54.92360721,0.241699219
76,53.57199241,0.244921875
77,52.1886339,0.248144531
78,50.77506859,0.251367188
79,49.33286697,0.254589844
80,47.86363133,0.2578125
81,46.36899401,0.261035156
82,44.85061556,0.264257813
83,43.31018292,0.267480469
84,41.74940751,0.270703125
85,40.17002337,0.273925781
86,38.57378521,0.277148438
87,36.96246646,0.280371094
88,35.33785731,0.28359375
89,33.70176272,0.286816406
90,32.0560004,0.290039063
91,30.40239881,0.293261719
92,28.7427951,0.296484375
93,27.07903312,0.299707031
94,25.41296132,0.302929688
95,23.74643071,0.306152344
96,22.08129283,0.309375
97,20.41939765,0.312597656
98,18.76259157,0.315820313
99,17.11271529,0.319042969
100,15.47160186,0.322265625
101,13.84107455,0.325488281
102,12.2229449,0.328710938
103,10.61901066,0.331933594
104,9.031053824,0.33515625
105,7.460838616,0.338378906
106,5.91010956,0.341601563
107,4.38058953,0.344824219
108,2.873977835,0.348046875
109,1.391948333,0.351269531
110,-0.063852429,0.354492188
111,-1.491807045,0.357714844
112,-2.890329046,0.3609375
113,-4.257864661,0.364160156
114,-5.592894547,0.367382813
115,-6.893935476,0.370605469
116,-8.15954198,0.373828125
117,-9.388307959,0.377050781
118,-10.57886825,0.380273438
119,-11.72990012,0.383496094
120,-12.84012477,0.38671875
121,-13.90830872,0.389941406
122,-14.93326523,0.393164063
123,-15.91385555,0.396386719
124,-16.84899024,0.399609375
125,-17.73763036,0.402832031
126,-18.57878862,0.406054688
127,-19.37153049,0.409277344
128,-20.11497522,0.4125
129,-20.80829684,0.415722656
130,-21.45072506,0.418945313
131,-22.04154615,0.422167969
132,-22.58010369,0.425390625
133,-23.06579935,0.428613281
134,-23.49809351,0.431835938
135,-23.87650588,0.435058594
136,-24.20061606,0.43828125
137,-24.47006394,0.441503906
138,-24.68455018,0.444726563
139,-24.84383647,0.447949219
140,-24.94774585,0.451171875
141,-24.99616288,0.454394531
142,-24.98903375,0.457617188
143,-24.9263664,0.460839844
144,-24.80823044,0.4640625
145,-24.63475713,0.467285156
146,-24.40613919,0.470507813
147,-24.12263063,0.473730469
148,-23.78454642,0.476953125
149,-23.39226218,0.480175781
150,-22.94621373,0.483398438
151,-22.44689665,0.486621094
152,-21.89486567,0.48984375
153,-21.29073412,0.493066406
154,-20.63517317,0.496289063
155,-19.92891117,0.499511719
156,-19.17273279,0.502734375
157,-18.36747813,0.505957031
158,-17.51404184,0.509179688
159,-16.61337211,0.512402344
160,-15.66646958,0.515625
161,-14.67438626,0.518847656
162,-13.63822438,0.522070313
163,-12.55913511,0.525292969
164,-11.43831733,0.528515625
165,-10.27701628,0.531738281
166,-9.076522173,0.534960938
167,-7.838168771,0.538183594
168,-6.563331894,0.54140625
169,-5.253427894,0.544628906
170,-3.909912087,0.547851563
171,-2.53427713,0.551074219
172,-1.128051364,0.554296875
173,0.307202882,0.557519531
174,1.769891029,0.560742188
175,3.258388019,0.563964844
176,4.771040118,0.5671875
177,6.306166758,0.570410156
178,7.862062402,0.573632813
179,9.436998434,0.576855469
180,11.02922509,0.580078125
181,12.63697339,0.583300781
182,14.25845712,0.586523438
183,15.89187479,0.589746094
184,17.53541166,0.59296875
185,19.18724175,0.596191406
186,20.84552986,0.599414063
187,22.50843362,0.602636719
188,24.17410554,0.605859375
189,25.84069502,0.609082031
190,27.50635049,0.612304688
191,29.16922139,0.615527344
192,30.82746024,0.61875
193,32.47922474,0.621972656
194,34.12267976,0.625195313
195,35.7559994,0.628417969
196,37.37736905,0.631640625
197,38.98498733,0.634863281
198,40.57706818,0.638085938
199,42.15184277,0.641308594
200,43.70756153,0.64453125
201,45.24249603,0.647753906
202,46.75494095,0.650976563
203,48.24321596,0.654199219
204,49.70566756,0.657421875
205,51.14067096,0.660644531
206,52.54663186,0.663867188
207,53.92198822,0.667089844
208,55.26521202,0.6703125
209,56.57481091,0.673535156
210,57.84932994,0.676757813
211,59.08735308,0.679980469
212,60.2875049,0.683203125
213,61.44845201,0.686425781
214,62.56890458,0.689648438
215,63.6476178,0.692871094
216,64.68339319,0.69609375
217,65.67508001,0.699316406
218,66.62157648,0.702539063
219,67.52183103,0.705761719
220,68.37484348,0.708984375
221,69.17966612,0.712207031
222,69.93540479,0.715429688
223,70.64121985,0.718652344
224,71.29632715,0.721875
225,71.89999884,0.725097656
226,72.45156425,0.728320313
227,72.95041057,0.731542969
228,73.3959836,0.734765625
229,73.78778829,0.737988281
230,74.12538935,0.741210938
231,74.40841169,0.744433594
232,74.63654089,0.74765625
233,74.80952347,0.750878906
234,74.92716727,0.754101563
235,74.98934157,0.757324219
236,74.9959773,0.760546875
237,74.94706709,0.763769531
238,74.84266528,0.766992188
239,74.68288785,0.770214844
240,74.46791233,0.7734375
241,74.19797755,0.776660156
242,73.87338341,0.779882813
243,73.49449054,0.783105469
244,73.06171989,0.786328125
245,72.57555228,0.789550781
246,72.03652783,0.792773438
247,71.44524542,0.795996094
248,70.80236195,0.79921875
249,70.10859169,0.802441406
250,69.3647054,0.805664063
251,68.57152957,0.808886719
252,67.7299454,0.812109375
253,66.84088792,0.815332031
254,65.90534486,0.818554688
255,64.92435563,0.821777344
256,63.89901011,0.825
257,62.83044747,0.828222656
258,61.71985489,0.831445313
259,60.56846625,0.834667969
260,59.37756076,0.837890625
261,58.1484615,0.841113281
262,56.88253404,0.844335938
263,55.58118482,0.847558594
264,54.24585964,0.85078125
265,52.87804208,0.854003906
266,51.47925179,0.857226563
267,50.05104282,0.860449219
268,48.59500194,0.863671875
269,47.11274683,0.866894531
270,45.60592426,0.870117188
271,44.07620835,0.873339844
272,42.52529861,0.8765625
273,40.95491812,0.879785156
274,39.36681158,0.883007813
275,37.7627434,0.886230469
276,36.14449571,0.889453125
277,34.51386638,0.892675781
278,32.87266708,0.895898438
279,31.22272118,0.899121094
280,29.56586178,0.90234375
281,27.90392967,0.905566406
282,26.23877127,0.908789063
283,24.57223659,0.912011719
284,22.90617716,0.915234375
285,21.24244398,0.918457031
286,19.58288547,0.921679688
287,17.92934543,0.924902344
288,16.28366094,0.928125
289,14.64766037,0.931347656
290,13.02316134,0.934570313
291,11.41196868,0.937792969
292,9.81587243,0.941015625
293,8.236645872,0.944238281
294,6.676043537,0.947460938
295,5.13579927,0.950683594
296,3.617624293,0.95390625
297,2.123205311,0.957128906
298,0.654202637,0.960351563
299,-0.787751656,0.963574219
300,-2.201055544,0.966796875
301,-3.584138836,0.970019531
302,-4.935464914,0.973242188
303,-6.253532445,0.976464844
304,-7.536877043,0.9796875
305,-8.784072903,0.982910156
306,-9.99373438,0.986132813
307,-11.16451753,0.989355469
308,-12.2951216,0.992578125
309,-13.38429049,0.995800781
310,-14.43081411,0.999023438
311,-15.43352977,1.002246094
312,-16.39132345,1.00546875
313,-17.30313103,1.008691406
314,-18.16793948,1.011914063
315,-18.984788,1.015136719
316,-19.75276905,1.018359375
317,-20.47102941,1.021582031
318,-21.13877108,1.024804688
319,-21.7552522,1.028027344
320,-22.31978784,1.03125
321,-22.83175081,1.034472656
322,-23.29057232,1.037695313
323,-23.6957426,1.040917969
324,-24.0468115,1.044140625
325,-24.343389,1.047363281
326,-24.58514559,1.050585938
327,-24.77181267,1.053808594
328,-24.90318285,1.05703125
329,-24.97911019,1.060253906
330,-24.99951033,1.063476563
331,-24.9643606,1.066699219
332,-24.87370005,1.069921875
333,-24.72762941,1.073144531
334,-24.52631097,1.076367188
335,-24.26996838,1.079589844
336,-23.95888646,1.0828125
337,-23.59341081,1.086035156
338,-23.17394748,1.089257813
339,-22.7009625,1.092480469
340,-22.17498135,1.095703125
341,-21.59658841,1.098925781
342,-20.96642628,1.102148438
343,-20.28519507,1.105371094
344,-19.55365164,1.10859375
345,-18.77260873,1.111816406
346,-17.9429341,1.115039063
347,-17.06554951,1.118261719
348,-16.14142975,1.121484375
349,-15.17160152,1.124707031
350,-14.15714231,1.127929688
351,-13.0991792,1.131152344
352,-11.99888758,1.134375
353,-10.85748989,1.137597656
354,-9.676254239,1.140820313
355,-8.456492982,1.144042969
356,-7.199561286,1.147265625
357,-5.906855612,1.150488281
358,-4.579812167,1.153710938
359,-3.219905307,1.156933594
360,-1.8286459,1.16015625
361,-0.407579646,1.163378906
362,1.041714637,1.166601563
363,2.517626773,1.169824219
364,4.018517011,1.173046875
365,5.542717849,1.176269531
366,7.088535888,1.179492188
367,8.654253711,1.182714844
368,10.23813179,1.1859375
369,11.83841043,1.189160156
370,13.4533117,1.192382813
371,15.08104144,1.195605469
372,16.71979123,1.198828125
373,18.36774039,1.202050781
374,20.02305805,1.205273438
375,21.68390513,1.208496094
376,23.34843642,1.21171875
377,25.01480262,1.214941406
378,26.68115236,1.218164063
379,28.34563433,1.221386719
380,30.00639928,1.224609375
381,31.66160207,1.227832031
382,33.30940377,1.231054688
383,34.94797365,1.234277344
384,36.57549126,1.2375
385,38.19014839,1.240722656
386,39.79015116,1.243945313
387,41.37372196,1.247167969
388,42.93910141,1.250390625
389,44.48455037,1.253613281
390,46.00835184,1.256835938
391,47.50881286,1.260058594
392,48.9842664,1.26328125
393,50.43307322,1.266503906
394,51.85362369,1.269726563
395,53.24433956,1.272949219
396,54.60367574,1.276171875
397,55.93012199,1.279394531
398,57.22220461,1.282617188
399,58.47848811,1.285839844
400,59.69757673,1.2890625
401,60.87811605,1.292285156
402,62.0187945,1.295507813
403,63.11834476,1.298730469
404,64.17554522,1.301953125
405,65.18922133,1.305175781
406,66.15824688,1.308398438
407,67.08154528,1.311621094
408,67.95809074,1.31484375
409,68.78690941,1.318066406
410,69.56708046,1.321289063
411,70.29773712,1.324511719
412,70.97806761,1.327734375
413,71.6073161,1.330957031
414,72.18478347,1.334179688
415,72.70982816,1.337402344
416,73.18186684,1.340625
417,73.60037507,1.343847656
418,73.96488788,1.347070313
419,74.2750003,1.350292969
420,74.53036778,1.353515625
421,74.73070662,1.356738281
422,74.87579424,1.359960938
423,74.96546944,1.363183594
424,74.99963259,1.36640625
425,74.97824573,1.369628906
426,74.90133264,1.372851563
427,74.76897875,1.376074219
428,74.58133111,1.379296875
429,74.33859821,1.382519531
430,74.04104972,1.385742188
431,73.68901622,1.388964844
432,73.28288883,1.3921875
433,72.82311874,1.395410156
434,72.31021678,1.398632813
435,71.74475278,1.401855469
436,71.12735497,1.405078125
437,70.45870929,1.408300781
438,69.73955861,1.411523438
439,68.97070191,1.414746094
440,68.1529934,1.41796875
441,67.28734156,1.421191406
442,66.37470813,1.424414063
443,65.41610706,1.427636719
444,64.41260337,1.430859375
445,63.36531195,1.434082031
446,62.27539635,1.437304688
447,61.14406748,1.440527344
448,59.97258225,1.44375
449,58.76224219,1.446972656
450,57.51439201,1.450195313
451,56.23041807,1.453417969
452,54.91174687,1.456640625
453,53.55984348,1.459863281
454,52.17620987,1.463085938
455,50.76238327,1.466308594
456,49.31993444,1.46953125
457,47.85046597,1.472753906
458,46.35561044,1.475976563
459,44.83702866,1.479199219
460,43.29640777,1.482421875
461,41.73545942,1.485644531
462,40.15591784,1.488867188
463,38.55953791,1.492089844
464,36.94809322,1.4953125
465,35.3233741,1.498535156
466,33.68718562,1.501757813
467,32.04134562,1.504980469
468,30.38768261,1.508203125
469,28.72803385,1.511425781
470,27.06424322,1.514648438
471,25.39815919,1.517871094
472,23.7316328,1.52109375
473,22.06651558,1.524316406
474,20.40465749,1.527539063
475,18.74790486,1.530761719
476,17.09809836,1.533984375
477,15.45707093,1.537207031
478,13.82664578,1.540429688
479,12.20863432,1.543652344
480,10.60483417,1.546875
481,9.017027164,1.550097656
482,7.446977376,1.553320313
483,5.896429141,1.556542969
484,4.36710513,1.559765625
485,2.860704435,1.562988281
486,1.37890068,1.566210938
487,-0.076659839,1.569433594
488,-1.504359983,1.57265625
489,-2.902613564,1.575878906
490,-4.269867112,1.579101563
491,-5.604601597,1.582324219
492,-6.905334117,1.585546875
493,-8.170619549,1.588769531
494,-9.399052149,1.591992188
495,-10.58926712,1.595214844
496,-11.73994212,1.5984375
497,-12.84979874,1.601660156
498,-13.91760393,1.604882813
499,-14.94217133,1.608105469
500,-15.92236266,1.611328125
501,-16.8570889,1.614550781
502,-17.74531157,1.617773438
503,-18.58604385,1.620996094
504,-19.37835168,1.62421875
505,-20.12135479,1.627441406
506,-20.81422771,1.630664063
507,-21.45620064,1.633886719
508,-22.04656035,1.637109375
509,-22.58465094,1.640332031
510,-23.06987459,1.643554688
511,-23.50169222,1.646777344
512,-23.87962407,1.65
513,-24.20325025,1.653222656
514,-24.47221122,1.656445313
515,-24.68620816,1.659667969
516,-24.8450033,1.662890625
517,-24.94842024,1.666113281
518,-24.99634407,1.669335938
519,-24.98872155,1.672558594
520,-24.92556115,1.67578125
521,-24.80693305,1.679003906
522,-24.63296902,1.682226563
523,-24.40386236,1.685449219
524,-24.11986761,1.688671875
525,-23.78130027,1.691894531
526,-23.38853651,1.695117188
527,-22.94201269,1.698339844
528,-22.4422249,1.7015625
529,-21.8897284,1.704785156
530,-21.28513703,1.708007813
531,-20.62912249,1.711230469
532,-19.92241362,1.714453125
533,-19.16579558,1.717675781
534,-18.36010897,1.720898438
535,-17.50624893,1.724121094
536,-16.6051641,1.72734375
537,-15.65785558,1.730566406
538,-14.66537586,1.733789063
539,-13.62882757,1.737011719
540,-12.54936234,1.740234375
541,-11.42817946,1.743457031
542,-10.26652457,1.746679688
543,-9.065688278,1.749902344
544,-7.827004729,1.753125
545,-6.551850107,1.756347656
546,-5.24164112,1.759570313
547,-3.897833421,1.762792969
548,-2.521919991,1.766015625
549,-1.115429481,1.769238281
550,0.320075486,1.772460938
551,1.783000052,1.775683594
552,3.271718896,1.77890625
553,4.78457804,1.782128906
554,6.319896684,1.785351563
555,7.875969077,1.788574219
556,9.451066408,1.791796875
557,11.04343873,1.795019531
558,12.65131691,1.798242188
559,14.27291458,1.801464844
560,15.90643013,1.8046875
561,17.55004871,1.807910156
562,19.20194425,1.811132813
563,20.86028147,1.814355469
564,22.52321796,1.817578125
565,24.18890617,1.820800781
566,25.85549551,1.824023438
567,27.52113439,1.827246094
568,29.18397227,1.83046875
569,30.84216172,1.833691406
570,32.49386048,1.836914063
571,34.1372335,1.840136719
572,35.77045498,1.843359375
573,37.3917104,1.846582031
574,38.99919852,1.849804688
575,40.59113342,1.853027344
576,42.16574644,1.85625
577,43.72128818,1.859472656
578,45.25603041,1.862695313
579,46.76826802,1.865917969
580,48.25632091,1.869140625
581,49.71853583,1.872363281
582,51.15328826,1.875585938
583,52.55898417,1.878808594
584,53.93406182,1.88203125
585,55.27699349,1.885253906
586,56.58628717,1.888476563
587,57.86048822,1.891699219
588,59.098181,1.894921875
589,60.29799043,1.898144531
590,61.45858349,1.901367188
591,62.57867077,1.904589844
592,63.65700783,1.9078125
593,64.69239664,1.911035156
594,65.68368688,1.914257813
595,66.6297772,1.917480469
596,67.52961649,1.920703125
597,68.38220503,1.923925781
598,69.18659559,1.927148438
599,69.94189447,1.930371094
600,70.64726254,1.93359375
601,71.30191612,1.936816406
602,71.90512789,1.940039063
603,72.45622768,1.943261719
604,72.95460321,1.946484375
605,73.39970078,1.949707031
606,73.79102589,1.952929688
607,74.12814376,1.956152344
608,74.41067986,1.959375
609,74.63832029,1.962597656
610,74.81081214,1.965820313
611,74.92796376,1.969042969
612,74.98964501,1.972265625
613,74.99578734,1.975488281
614,74.94638395,1.978710938
615,74.84148971,1.981933594
616,74.68122117,1.98515625
617,74.46575638,1.988378906
618,74.19533473,1.991601563
619,73.87025666,1.994824219
620,73.49088333,1.998046875
621,73.05763623,2.001269531
622,72.57099669,2.004492188
623,72.03150539,2.007714844
624,71.4397617,2.0109375
625,70.79642306,2.014160156
626,70.10220421,2.017382813
627,69.35787643,2.020605469
628,68.5642667,2.023828125
629,67.7222567,2.027050781
630,66.83278193,2.030273438
631,65.89683059,2.033496094
632,64.91544253,2.03671875
633,63.88970809,2.039941406
634,62.82076686,2.043164063
635,61.70980645,2.046386719
636,60.55806115,2.049609375
637,59.36681054,2.052832031
638,58.13737812,2.056054688
639,56.87112981,2.059277344
640,55.5694724,2.0625
641,54.23385207,2.065722656
642,52.86575268,2.068945313
643,51.46669421,2.072167969
644,50.03823102,2.075390625
645,48.58195015,2.078613281
646,47.09946955,2.081835938
647,45.59243625,2.085058594
648,44.06252458,2.08828125
649,42.5114343,2.091503906
650,40.94088866,2.094726563
651,39.35263257,2.097949219
652,37.74843058,2.101171875
653,36.13006498,2.104394531
654,34.49933379,2.107617188
655,32.85804876,2.110839844
656,31.20803337,2.1140625
657,29.55112081,2.117285156
658,27.88915191,2.120507813
659,26.22397315,2.123730469
660,24.55743454,2.126953125
661,22.89138762,2.130175781
662,21.22768339,2.133398438
663,19.56817023,2.136621094
664,17.91469188,2.13984375
665,16.26908537,2.143066406
666,14.63317897,2.146289063
667,13.0087902,2.149511719
668,11.39772376,2.152734375
669,9.801769559,2.155957031
670,8.22270072,2.159179688
671,6.662271598,2.162402344
672,5.122215844,2.165625
673,3.604244471,2.168847656
674,2.110043959,2.172070313
675,0.641274377,2.175292969
676,-0.800432461,2.178515625
677,-2.213474805,2.181738281
678,-3.596282755,2.184960938
679,-4.94732,2.188183594
680,-6.265085525,2.19140625
681,-7.548115283,2.194628906
682,-8.794983817,2.197851563
683,-10.00430585,2.201074219
684,-11.1747378,2.204296875
685,-12.30497933,2.207519531
686,-13.39377471,2.210742188
687,-14.4399143,2.213964844
688,-15.44223582,2.2171875
689,-16.39962567,2.220410156
690,-17.31102021,2.223632813
691,-18.17540685,2.226855469
692,-18.99182526,2.230078125
693,-19.75936839,2.233300781
694,-20.47718349,2.236523438
695,-21.14447307,2.239746094
696,-21.76049576,2.24296875
697,-22.32456715,2.246191406
698,-22.83606056,2.249414063
699,-23.29440771,2.252636719
700,-23.69909938,2.255859375
701,-24.04968594,2.259082031
702,-24.34577791,2.262304688
703,-24.5870463,2.265527344
704,-24.77322308,2.26875
705,-24.9041014,2.271972656
706,-24.97953585,2.275195313
707,-24.99944262,2.278417969
708,-24.96379961,2.281640625
709,-24.8726464,2.284863281
710,-24.72608427,2.288085938
711,-24.52427604,2.291308594
712,-24.26744595,2.29453125
713,-23.95587931,2.297753906
714,-23.58992229,2.300976563
715,-23.16998146,2.304199219
716,-22.69652339,2.307421875
717,-22.17007409,2.310644531
718,-21.59121845,2.313867188
719,-20.96059957,2.317089844
720,-20.2789181,2.3203125
721,-19.54693137,2.323535156
722,-18.76545264,2.326757813
723,-17.93535013,2.329980469
724,-17.05754609,2.333203125
725,-16.13301577,2.336425781
726,-15.16278633,2.339648438
727,-14.14793571,2.342871094
728,-13.08959141,2.34609375
729,-11.98892925,2.349316406
730,-10.8471721,2.352539063
731,-9.665588434,2.355761719
732,-8.445491019,2.358984375
733,-7.188235387,2.362207031
734,-5.895218361,2.365429688
735,-4.567876493,2.368652344
736,-3.207684471,2.371875
737,-1.816153479,2.375097656
738,-0.39482952,2.378320313
739,1.054708305,2.381542969
740,2.530849545,2.384765625
741,4.031954196,2.387988281
742,5.556354519,2.391210938
743,7.102356893,2.394433594
744,8.668243695,2.39765625
745,10.25227521,2.400878906
746,11.85269157,2.404101563
747,13.4677147,2.407324219
748,15.0955503,2.410546875
749,16.73438982,2.413769531
750,18.3824125,2.416992188
751,20.03778737,2.420214844
752,21.6986753,2.4234375
753,23.36323103,2.426660156
754,25.02960523,2.429882813
755,26.69594653,2.433105469
756,28.36040363,2.436328125
757,30.02112728,2.439550781
758,31.67627243,2.442773438
759,33.32400018,2.445996094
760,34.96247989,2.44921875
761,36.58989121,2.452441406
762,38.20442607,2.455664063
763,39.8042907,2.458886719
764,41.38770764,2.462109375
765,42.9529177,2.465332031
766,44.49818192,2.468554688
767,46.02178351,2.471777344
768,47.52202971,2.475
769,48.99725376,2.478222656
770,50.44581666,2.481445313
771,51.86610905,2.484667969
772,53.25655297,2.487890625
773,54.61560363,2.491113281
774,55.94175111,2.494335938
775,57.23352204,2.497558594
776,58.48948127,2.50078125
777,59.70823341,2.504003906
778,60.88842442,2.507226563
779,62.02874309,2.510449219
780,63.12792252,2.513671875
781,64.18474152,2.516894531
782,65.19802595,2.520117188
783,66.16665004,2.523339844
784,67.08953764,2.5265625
785,67.96566342,2.529785156
786,68.79405399,2.533007813
787,69.57378901,2.536230469
788,70.30400218,2.539453125
789,70.98388223,2.542675781
790,71.61267381,2.545898438
791,72.18967833,2.549121094
792,72.71425472,2.55234375
793,73.18582019,2.555566406
794,73.60385081,2.558789063
795,73.96788216,2.562011719
796,74.27750978,2.565234375
797,74.53238968,2.568457031
798,74.73223869,2.571679688
799,74.87683478,2.574902344
800,74.96601729,2.578125
801,74.99968714,2.581347656
802,74.97780693,2.584570313
803,74.90040097,2.587792969
804,74.76755525,2.591015625
805,74.57941736,2.594238281
806,74.33619633,2.597460938
807,74.03816239,2.600683594
808,73.68564664,2.60390625
809,73.27904074,2.607128906
810,72.81879642,2.610351563
811,72.30542503,2.613574219
812,71.73949692,2.616796875
813,71.12164085,2.620019531
814,70.45254325,2.623242188
815,69.7329475,2.626464844
816,68.96365308,2.6296875
817,68.14551468,2.632910156
818,67.27944126,2.636132813
819,66.36639503,2.639355469
820,65.40739039,2.642578125
821,64.40349282,2.645800781
822,63.35581763,2.649023438
823,62.26552882,2.652246094
824,61.1338377,2.65546875
825,59.96200158,2.658691406
826,58.7513224,2.661914063
827,57.50314522,2.665136719
828,56.21885677,2.668359375
829,54.89988392,2.671582031
830,53.54769205,2.674804688
831,52.16378346,2.678027344
832,50.74969569,2.68125
833,49.30699978,2.684472656
834,47.83729861,2.687695313
835,46.342225,2.690917969
836,44.82344001,2.694140625
837,43.28263101,2.697363281
838,41.72150986,2.700585938
839,40.14181098,2.703808594
840,38.54528942,2.70703125
841,36.93371892,2.710253906
842,35.30888997,2.713476563
843,33.67260776,2.716699219
844,32.02669021,2.719921875
845,30.37296595,2.723144531
846,28.71327228,2.726367188
847,27.04945313,2.729589844
848,25.38335703,2.7328125
849,23.71683501,2.736035156
850,22.05173859,2.739257813
851,20.38991773,2.742480469
852,18.7332187,2.745703125
853,17.08348211,2.748925781
854,15.44254084,2.752148438
855,13.81221799,2.755371094
856,12.19432486,2.75859375
857,10.59065893,2.761816406
858,9.003001906,2.765039063
859,7.433117675,2.768261719
860,5.882750396,2.771484375
861,4.353622538,2.774707031
862,2.847432976,2.777929688
863,1.365855097,2.781152344
864,-0.089465051,2.784375
865,-1.516910597,2.787597656
866,-2.914895637,2.790820313
867,-4.281866999,2.794042969
868,-5.616305965,2.797265625
869,-6.916729963,2.800488281
870,-8.181694211,2.803710938
871,-9.409793323,2.806933594
872,-10.59966287,2.81015625
873,-11.7499809,2.813378906
874,-12.8594694,2.816601563
875,-13.92689572,2.819824219
876,-14.95107393,2.823046875
877,-15.93086618,2.826269531
878,-16.86518389,2.829492188
879,-17.75298904,2.832714844
880,-18.59329527,2.8359375
881,-19.38516898,2.839160156
882,-20.12773041,2.842382813
883,-20.82015456,2.845605469
884,-21.46167214,2.848828125
885,-22.05157042,2.852050781
886,-22.58919401,2.855273438
887,-23.07394562,2.858496094
888,-23.50528669,2.86171875
889,-23.88273797,2.864941406
890,-24.20588014,2.868164063
891,-24.47435416,2.871386719
892,-24.68786177,2.874609375
893,-24.84616576,2.877832031
894,-24.94909025,2.881054688
895,-24.99652088,2.884277344
896,-24.98840497,2.8875
897,-24.92475153,2.890722656
898,-24.80563128,2.893945313
899,-24.63117657,2.897167969
900,-24.4015812,2.900390625
901,-24.11710028,2.903613281
902,-23.77804985,2.906835938
903,-23.38480661,2.910058594
904,-22.93780744,2.91328125
905,-22.43754898,2.916503906
906,-21.88458702,2.919726563
907,-21.27953588,2.922949219
908,-20.62306781,2.926171875
909,-19.91591213,2.929394531
910,-19.1588545,2.932617188
911,-18.35273602,2.935839844
912,-17.49845229,2.9390625
913,-16.59695244,2.942285156
914,-15.64923802,2.945507813
915,-14.65636197,2.948730469
916,-13.61942738,2.951953125
917,-12.53958628,2.955175781
918,-11.41803839,2.958398438
919,-10.25602976,2.961621094
920,-9.054851396,2.96484375
921,-7.815837809,2.968066406
922,-6.540365555,2.971289063
923,-5.229851696,2.974511719
924,-3.885752222,2.977734375
925,-2.50956044,2.980957031
926,-1.10280531,2.984179688
927,0.332950252,2.987402344
928,1.79611111,2.990625
929,3.285051678,2.993847656
930,4.798117734,2.997070313
931,6.333628247,3.000292969
932,7.889877252,3.003515625
933,9.465135745,3.006738281
934,11.0576536,3.009960938
935,12.66566152,3.013183594
936,14.28737299,3.01640625
937,15.92098627,3.019628906
938,17.56468641,3.022851563
939,19.21664725,3.026074219
940,20.87503344,3.029296875
941,22.53800251,3.032519531
942,24.20370687,3.035742188
943,25.87029592,3.038964844
944,27.53591807,3.0421875
945,29.19872278,3.045410156
946,30.85686269,3.048632813
947,32.50849557,3.051855469
948,34.15178645,3.055078125
949,35.78490962,3.058300781
950,37.40605067,3.061523438
951,39.01340849,3.064746094
952,40.6051973,3.06796875
953,42.17964861,3.071191406
954,43.73501318,3.074414063
955,45.269563,3.077636719
956,46.78159318,3.080859375
957,48.26942382,3.084082031
958,49.73140194,3.087304688
959,51.16590327,3.090527344
960,52.57133406,3.09375
961,53.94613288,3.096972656
962,55.2887723,3.100195313
963,56.59776065,3.103417969
964,57.87164363,3.106640625
965,59.10900594,3.109863281
966,60.30847286,3.113085938
967,61.46871178,3.116308594
968,62.58843366,3.11953125
969,63.66639448,3.122753906
970,64.70139662,3.125976563
971,65.69229018,3.129199219
972,66.63797427,3.132421875
973,67.53739822,3.135644531
974,68.38956278,3.138867188
975,69.19352118,3.142089844
976,69.94838021,3.1453125
977,70.65330122,3.148535156
978,71.30750103,3.151757813
979,71.91025284,3.154980469
980,72.46088696,3.158203125
981,72.95879165,3.161425781
982,73.40341372,3.164648438
983,73.79425921,3.167871094
984,74.13089387,3.17109375
985,74.4129437,3.174316406
986,74.64009535,3.177539063
987,74.81209644,3.180761719
988,74.92875588,3.183984375
989,74.98994406,3.187207031
990,74.99559301,3.190429688
991,74.94569643,3.193652344
992,74.84030978,3.196875
993,74.67955013,3.200097656
994,74.4635961,3.203320313
995,74.1926876,3.206542969
996,73.86712562,3.209765625
997,73.48727186,3.212988281
998,73.05354834,3.216210938
999,72.56643694,3.219433594
1000,72.02647883,3.22265625
1001,71.43427392,3.225878906
1002,70.79048014,3.229101563
1003,70.09581277,3.232324219
1004,69.35104358,3.235546875
1005,68.55700001,3.238769531
1006,67.71456425,3.241992188
1007,66.82467227,3.245214844
1008,65.88831273,3.2484375
1009,64.90652593,3.251660156
1010,63.88040266,3.254882813
1011,62.81108294,3.258105469
1012,61.69975479,3.261328125
1013,60.54765292,3.264550781
1014,59.35605731,3.267773438
1015,58.12629184,3.270996094
1016,56.85972278,3.27421875
1017,55.55775731,3.277441406
1018,54.22184192,3.280664063
1019,52.85346083,3.283886719
1020,51.45413431,3.287109375
1021,50.02541702,3.290332031
1022,48.5688963,3.293554688
1023,47.08619033,3.296777344
